{"cameraMode":{"drawMode":0,"name":"Shaded","section":"Shading Mode"},"sceneLighting":true,"audioPlay":false,"sceneViewState":{"showFog":true,"showMaterialUpdate":false,"showSkybox":true,"showFlares":true,"showImageEffects":true,"showParticleSystems":true},"in2DMode":false,"pivot":{"x":128.4176788330078,"y":2.940551519393921,"z":4.749705791473389},"rotation":{"x":-0.007003890350461006,"y":0.9028543829917908,"z":-0.014728771522641182,"w":-0.42968806624412539},"size":7.683588981628418,"orthographic":false}