{"cameraMode":{"drawMode":0,"name":"Shaded","section":"Shading Mode"},"sceneLighting":false,"audioPlay":false,"sceneViewState":{"showFog":true,"showMaterialUpdate":false,"showSkybox":false,"showFlares":true,"showImageEffects":true,"showParticleSystems":true},"in2DMode":false,"pivot":{"x":125.0236587524414,"y":0.8667021989822388,"z":-1.449998378753662},"rotation":{"x":-0.014006827026605606,"y":0.9742298722267151,"z":-0.2161281406879425,"w":-0.0631193220615387},"size":7.683588981628418,"orthographic":false}